Campaign_ID,Platform,Impressions,Clicks,Conversion_Rate,Campaign_Start_Date,Campaign_End_Date,Budget
1,Google,373079,79853,3.51,2024-02-03,2024-06-01,328446
2,Google,262169,31218,3.6,2000-04-23,2007-01-04,225885
3,Instagram,362328,59446,13.08,2012-04-30,2017-09-24,458777
4,Facebook,164635,77732,12.3,2016-07-09,2024-02-12,456672
5,Instagram,425998,67357,7.04,2002-04-23,2003-07-30,350723
6,Twitter,91017,55242,1.67,2023-01-13,2024-11-05,9264
7,Google,95182,7396,0.77,2022-06-01,2024-02-05,108612
8,Facebook,989088,63491,12.59,2006-08-15,2012-06-11,167447
9,Google,752230,91569,8.13,2006-08-11,2011-07-16,141405
10,Twitter,123206,89238,14.27,2022-10-24,2023-04-26,63379
11,Google,845156,40243,14.47,2017-12-23,2021-12-08,356477
12,Facebook,591432,38162,10.2,2021-04-14,2022-07-31,412059
13,Twitter,641670,72882,11.67,2014-07-18,2019-12-19,228761
14,LinkedIn,83363,53921,7.53,2006-11-06,2016-11-15,49775
15,Twitter,25367,5432,14.05,2010-07-09,2021-12-16,361926
16,Twitter,568431,60752,1.76,2020-03-06,2021-06-05,228400
17,Google,778752,80463,14.36,2002-12-22,2012-09-09,71420
18,LinkedIn,760728,13517,7.74,2009-11-15,2010-06-07,247642
19,Twitter,181213,83529,11.35,2003-12-10,2016-10-28,242044
20,Instagram,133860,12636,10.09,2008-10-20,2022-01-26,224967
21,Twitter,881810,74941,11.04,2005-04-03,2007-01-21,184177
22,Twitter,798104,89433,14.32,2005-10-14,2019-11-03,466957
23,Google,919710,60177,5.98,2013-12-30,2017-11-02,384977
24,Google,252841,43748,9.51,2006-03-05,2007-06-17,234633
25,LinkedIn,679663,68129,12.47,2005-05-18,2018-04-13,24333
26,Instagram,945540,82604,8.92,2004-11-13,2023-02-27,318302
27,Google,65177,57424,9.64,2011-05-04,2018-05-18,144549
28,Twitter,339921,29967,14.12,2011-03-20,2022-01-18,441964
29,Google,815925,8465,10.25,2023-08-01,2024-11-12,87790
30,Google,698859,92422,14.59,2006-05-20,2021-10-02,491444
31,Twitter,646877,4524,6.12,2019-01-11,2019-10-16,440107
32,LinkedIn,618233,27609,3.67,2018-04-21,2023-01-25,394771
33,Twitter,891215,30262,4.52,2016-11-07,2018-04-24,50656
34,LinkedIn,262041,43217,5.03,2004-02-24,2013-11-01,157736
35,Twitter,743519,36826,6.85,2023-08-31,2023-10-12,488047
36,Instagram,639436,5543,14.22,2011-05-25,2022-06-22,173249
37,Instagram,643735,59450,12.79,2013-01-30,2017-01-12,496722
38,Twitter,498898,67392,5.55,2012-09-02,2017-10-28,154349
39,Google,401708,12242,7.67,2024-05-23,2024-12-17,458039
40,Google,125128,5330,11.85,2003-12-28,2012-01-17,491176
41,LinkedIn,479604,17992,9.41,2021-08-17,2023-07-13,55874
42,Twitter,703782,76215,7.57,2014-03-25,2021-11-11,140273
43,Twitter,518606,77852,7.56,2004-04-30,2010-10-06,132613
44,Facebook,154095,91878,4.51,2018-12-18,2020-12-24,350790
45,Facebook,479136,12687,7.96,2003-03-16,2013-06-25,271188
46,LinkedIn,294534,65016,9.68,2020-03-28,2024-02-07,282081
47,Facebook,675464,82443,14.54,2014-07-07,2016-12-19,201791
48,Facebook,839687,87446,13.82,1999-02-27,2024-01-27,465321
49,LinkedIn,505959,45073,1.27,2010-10-19,2015-09-19,454723
50,Facebook,625904,36629,4.31,2009-03-15,2015-11-16,375116
51,Facebook,55901,21429,1.67,2007-05-19,2008-09-02,207062
52,Twitter,975820,54173,5.46,2002-01-03,2014-01-16,446934
53,Instagram,742236,67950,12.77,2011-11-29,2024-10-13,454343
54,Facebook,607521,15431,12.97,2013-07-02,2020-04-16,369870
55,Twitter,254028,63580,10.27,2010-06-18,2019-10-03,63300
56,Google,27182,24434,14.23,2015-12-31,2024-06-30,477014
57,Instagram,216078,43837,4.12,2009-09-10,2018-09-30,399087
58,Instagram,514340,21435,7.44,2020-11-19,2022-03-27,268638
59,Facebook,122517,71938,0.69,2017-09-24,2024-09-13,248048
60,Facebook,441278,65487,2.16,2010-05-13,2022-10-02,485299
61,Twitter,746851,49990,7.75,2014-02-15,2024-02-03,163772
62,Google,416352,97592,4.8,2001-05-04,2001-09-18,497862
63,LinkedIn,997599,77190,7.67,2021-01-11,2024-01-19,138237
64,LinkedIn,88151,31062,1.54,2012-08-06,2016-09-12,424116
65,Facebook,765220,73847,3.24,2003-07-13,2005-02-27,167097
66,LinkedIn,39579,39352,7.87,2008-08-25,2015-08-21,332333
67,Facebook,512932,64314,11.39,2003-05-19,2020-08-28,205962
68,Facebook,659793,30744,3.13,2019-04-19,2022-08-24,2844
69,Twitter,638491,46132,12.99,2008-06-20,2015-09-17,102382
70,Google,736960,93541,7.82,2022-10-29,2024-09-29,53540
71,Facebook,871913,71905,12.26,2009-08-11,2012-08-20,493274
72,Facebook,617942,49380,10.79,2004-11-18,2021-02-28,113703
73,Twitter,182865,74195,10.94,2022-09-21,2023-02-03,109570
74,Facebook,856514,65925,6.16,2002-10-23,2019-03-03,120562
75,Twitter,4904,1975,2.71,2005-03-19,2021-06-27,235865
76,Facebook,341483,33381,14.59,2001-09-19,2024-04-17,290850
77,Instagram,480285,67143,12.94,2010-12-23,2018-05-01,466273
78,Google,428209,89051,7.31,2009-10-07,2021-08-26,410749
79,LinkedIn,5689,4541,13.74,2024-05-05,2024-07-03,360982
80,LinkedIn,933973,12867,4.67,2004-04-28,2012-12-19,476758
81,Twitter,176865,71858,12.67,2021-03-17,2023-12-19,366582
82,Twitter,405732,88802,1.19,2004-01-07,2024-01-09,396359
83,Instagram,385191,42907,13.68,2004-12-20,2013-06-10,328507
84,LinkedIn,137913,68151,5.05,2022-06-23,2024-05-08,75196
85,Twitter,860690,32513,9.35,2022-12-22,2024-10-22,26296
86,Instagram,660697,66949,5.57,2024-11-17,2024-11-30,120025
87,LinkedIn,202024,51577,3.31,2007-01-10,2014-09-20,458578
88,Google,708435,37553,7.0,2008-09-15,2017-12-08,393764
89,Instagram,32672,12394,10.96,2016-02-07,2021-05-11,34827
90,Google,553894,34117,12.87,2018-04-13,2019-08-24,435392
91,Facebook,203413,43757,3.43,2014-09-15,2020-06-16,477259
92,Facebook,20676,2644,10.24,2010-09-27,2018-03-17,131765
93,Facebook,262847,74478,14.98,2018-11-27,2019-02-24,303844
94,Instagram,460215,64398,4.11,2021-08-18,2022-02-22,271239
95,Google,720268,17022,5.35,2006-08-08,2014-02-13,55903
96,LinkedIn,549871,7231,7.59,2002-12-05,2010-06-21,133874
97,LinkedIn,613213,87560,2.63,2007-12-09,2023-11-25,160702
98,Instagram,27362,15739,6.89,2024-10-12,2024-12-14,474321
99,Facebook,374576,32682,1.48,2006-06-26,2023-07-01,134877
100,Twitter,843154,9444,4.45,2007-12-22,2014-10-16,429321
101,LinkedIn,807584,79690,12.47,2023-08-08,2023-08-12,447110
102,LinkedIn,396753,33654,13.71,2017-02-17,2021-03-30,401384
103,Instagram,565138,70091,11.53,2017-01-02,2021-08-19,394991
104,Google,135257,89728,11.96,2013-09-30,2022-05-20,372935
105,Facebook,664631,85088,14.59,2023-02-28,2024-04-11,173373
106,Twitter,338059,22157,7.53,2016-03-31,2019-08-05,353083
107,Facebook,380691,84650,10.69,2021-05-27,2022-09-13,427676
108,Instagram,473256,13541,11.19,2021-02-17,2024-11-16,2039
109,Google,917892,49274,9.86,2006-05-01,2011-02-19,1418
110,Instagram,464800,75578,8.26,2001-07-03,2023-01-25,330641
111,Facebook,356588,72629,6.16,2012-02-04,2013-11-07,301703
112,Twitter,155036,41482,8.22,2008-01-20,2016-03-22,405647
113,Facebook,265414,55184,11.45,2002-08-01,2023-10-20,339880
114,Google,718549,86399,4.63,2006-05-22,2009-01-23,257518
115,Instagram,231159,71611,13.62,1999-09-15,2016-04-10,313436
116,Twitter,25854,12775,7.97,2004-03-23,2018-11-15,271449
117,Facebook,232120,18768,9.44,2020-12-27,2023-02-17,30753
118,Google,385878,79291,9.23,2009-12-16,2020-02-05,195890
119,Twitter,770656,80958,4.7,2006-04-13,2010-05-13,394345
120,Instagram,623981,80956,14.9,2022-08-22,2023-08-23,229003
121,Twitter,331521,73366,13.5,2023-04-17,2023-12-04,45534
122,Facebook,317419,19368,7.6,2006-02-07,2018-04-23,407974
123,Facebook,243956,29146,11.55,2024-07-02,2024-08-10,262361
124,Facebook,449384,33719,13.48,2001-12-14,2017-01-24,472024
125,Instagram,426241,97693,1.48,2020-10-17,2022-06-24,167666
126,Facebook,178728,36818,5.44,2012-05-13,2014-06-19,412517
127,LinkedIn,9349,3249,7.16,2003-04-19,2017-03-26,401706
128,Google,133592,57098,4.85,2007-02-15,2023-08-27,225582
129,LinkedIn,212113,40554,3.29,2017-11-28,2019-11-18,356405
130,Instagram,585130,51829,4.52,2007-12-20,2009-01-18,76839
131,Instagram,300835,20854,4.21,2006-05-27,2010-10-24,432962
132,Twitter,68002,27901,11.96,2004-05-20,2022-11-23,57126
133,Facebook,136073,90753,4.3,2004-04-24,2018-09-06,373911
134,Instagram,802111,98618,4.46,2016-03-15,2019-09-02,318815
135,Instagram,126807,88980,7.1,2008-09-17,2014-03-05,238609
136,Google,177938,1764,0.94,2021-02-17,2023-09-14,267305
137,Facebook,539016,14235,9.25,2002-09-07,2007-02-06,288530
138,Twitter,849779,13001,4.17,2023-01-06,2024-11-07,202476
139,Facebook,164736,99809,13.75,2005-07-19,2019-06-16,46160
140,Twitter,317608,6319,14.83,2010-02-12,2014-06-20,418237
141,Facebook,200290,61186,5.71,2009-03-05,2011-02-02,447515
142,Google,129092,47799,11.58,2011-12-04,2012-07-08,101857
143,Facebook,151555,83381,11.94,2005-01-24,2019-03-01,230287
144,Instagram,696873,44153,2.98,2002-01-18,2012-02-23,1670
145,Twitter,870518,31287,8.67,1999-10-10,2012-03-20,449193
146,Google,915902,56748,14.96,2013-10-20,2014-04-06,59056
147,Instagram,803281,55280,7.01,2000-04-03,2018-08-12,479777
148,LinkedIn,261407,6230,6.5,2002-09-03,2005-06-04,436639
149,Instagram,413326,33441,14.01,2002-12-04,2023-08-24,19090
150,Twitter,918310,18726,8.25,2011-01-18,2018-07-02,213563
151,Twitter,621295,64999,1.0,2024-01-14,2024-12-30,342817
152,Google,196346,92015,4.55,2006-10-08,2022-04-20,487029
153,Google,102977,45754,11.93,2002-03-31,2006-11-02,401499
154,Google,324491,80565,10.54,2023-12-20,2024-04-19,148000
155,LinkedIn,49509,11860,7.4,2021-11-01,2024-11-25,370202
156,Instagram,756499,9509,4.55,2024-12-31,2024-12-31,335563
157,Facebook,501271,65429,0.62,2006-01-04,2008-08-28,118923
158,Instagram,378105,35820,8.29,2000-04-27,2011-05-12,20948
159,LinkedIn,672946,63132,5.0,2018-06-07,2020-04-22,453444
160,Facebook,259411,19268,13.1,2021-04-04,2022-12-01,151571
161,Facebook,872642,59123,9.79,2014-08-09,2018-02-03,279208
162,LinkedIn,947347,29680,13.8,2000-04-05,2001-11-16,440634
163,Twitter,132932,48271,13.89,2002-04-23,2009-07-11,217946
164,Facebook,716170,94362,0.65,2003-11-09,2009-12-07,160662
165,Facebook,246062,38236,7.27,2022-10-24,2024-07-11,7418
166,Instagram,855405,42375,8.5,2015-10-09,2021-06-20,282665
167,LinkedIn,419885,71983,1.6,2022-04-02,2023-09-19,80185
168,Twitter,811902,50790,1.89,2017-03-30,2022-07-01,366356
169,Facebook,802805,29419,3.53,2012-09-15,2023-04-01,478450
170,LinkedIn,822096,6574,8.5,2003-12-17,2016-03-16,185190
171,Instagram,264186,55290,9.23,2012-01-04,2017-10-14,472046
172,Instagram,526111,84502,6.4,2023-09-02,2024-10-02,262948
173,Facebook,684972,83167,9.5,2009-03-18,2020-10-21,151196
174,Facebook,116350,51918,5.17,2017-05-01,2017-07-19,48290
175,Facebook,387536,34310,6.35,2023-01-27,2024-05-10,356507
176,Instagram,312069,99305,8.11,1999-09-03,2009-01-10,28027
177,LinkedIn,962969,45596,7.42,2008-06-06,2011-07-26,39458
178,Facebook,724398,15500,10.97,2016-02-21,2021-03-20,245974
179,Instagram,182565,98875,5.1,2004-06-08,2013-11-22,142848
180,Facebook,219894,58320,1.76,2009-12-09,2015-03-24,40022
181,Instagram,492804,12098,10.02,1999-03-14,2009-09-28,176435
182,Facebook,284122,40754,7.96,2012-03-13,2016-06-12,254551
183,Twitter,278351,23260,9.1,2017-07-10,2023-01-16,126514
184,Twitter,931242,80210,1.46,2018-10-19,2022-07-04,346220
185,Twitter,735761,81513,11.18,2017-04-11,2018-09-03,351550
186,LinkedIn,543243,14008,8.54,2022-03-24,2023-10-20,126134
187,Facebook,207533,12000,12.65,2000-07-05,2006-10-25,139019
188,Google,15115,8714,5.47,2010-08-17,2014-07-19,207100
189,Instagram,873654,8086,10.15,2007-09-03,2012-07-27,448670
190,Google,450098,29300,9.54,2011-11-04,2023-03-15,17693
191,Instagram,395814,64039,3.55,2021-01-22,2021-12-01,374647
192,Google,670809,23741,13.89,2001-08-15,2020-01-06,311588
193,Facebook,506329,3787,11.07,2019-05-08,2020-01-29,498043
194,LinkedIn,705213,13199,3.73,2000-04-08,2011-10-12,79351
195,Instagram,326315,57776,5.47,2013-07-21,2019-06-04,489646
196,Facebook,23873,17215,5.85,2008-04-20,2022-09-28,116847
197,LinkedIn,477705,93164,7.01,2018-07-13,2024-02-13,302703
198,LinkedIn,417993,87037,13.93,2003-07-08,2016-12-26,184064
199,LinkedIn,660875,25425,1.61,2005-04-03,2008-03-01,475921
200,Twitter,213860,81233,3.49,2024-09-25,2024-10-27,452430
201,Facebook,738044,52911,11.86,2021-03-22,2022-08-19,353018
202,Twitter,732615,89392,0.84,2013-03-01,2016-05-31,288084
203,Google,801800,88192,7.01,2001-01-05,2014-06-24,279014
204,Google,791988,81315,13.29,2023-09-28,2023-12-22,286407
205,Twitter,46119,11392,6.36,2017-10-06,2018-04-23,193215
206,Facebook,369810,55937,0.57,2021-10-03,2024-02-15,105392
207,Instagram,793567,43770,5.08,2024-08-02,2024-08-23,400661
208,Google,525374,39343,10.37,2022-03-13,2022-07-11,422385
209,Facebook,201817,1550,7.47,2020-03-30,2023-04-14,433455
210,Instagram,522923,18028,9.49,2006-11-23,2007-04-10,224258
211,Twitter,778515,50487,14.43,2013-01-02,2017-10-30,121127
212,Facebook,645233,19594,9.47,2014-04-13,2016-02-13,319786
213,LinkedIn,413158,97207,6.55,2001-03-23,2008-04-08,232474
214,Twitter,184897,28419,6.43,2024-11-16,2024-12-26,323156
215,LinkedIn,106044,63338,14.46,2022-12-27,2023-07-27,346681
216,Facebook,527118,6475,12.02,2000-07-30,2023-01-07,458568
217,Instagram,61075,29002,12.48,2018-05-17,2022-05-29,291714
218,Instagram,933430,50128,7.38,2024-12-12,2024-12-25,479562
219,Twitter,912750,95766,1.41,2015-01-14,2019-11-24,156092
220,Twitter,444581,60864,8.97,2013-10-11,2019-02-06,152152
221,Facebook,780010,57970,14.73,2010-10-04,2014-09-26,209733
222,Facebook,263745,84911,4.85,2005-10-28,2021-03-06,131826
223,Google,576981,48646,10.74,2018-06-25,2024-02-20,460478
224,Google,13880,13086,3.86,2001-12-03,2006-08-04,481486
225,Google,930864,1248,7.05,2009-02-27,2024-07-25,7326
226,Twitter,24490,21526,3.51,2023-08-13,2024-08-01,418237
227,Google,596636,30726,5.95,2014-06-06,2018-10-06,149175
228,Instagram,271058,29741,8.4,2011-07-17,2017-05-30,487354
229,Twitter,759563,88628,9.79,2021-01-14,2022-07-18,479316
230,Instagram,509190,24838,10.12,2022-04-14,2022-07-27,177358
231,LinkedIn,973214,31569,8.03,2012-03-06,2021-09-16,394098
232,Twitter,187693,11462,9.32,2023-03-07,2024-11-13,188438
233,Google,242990,41072,3.96,2023-03-11,2023-05-21,434951
234,Google,423170,97786,0.61,2011-07-23,2016-10-02,395826
235,Facebook,872707,78029,13.3,2011-08-11,2020-10-08,422822
236,Facebook,276877,71669,3.11,2003-02-02,2017-09-27,332546
237,Google,851154,97842,9.7,2023-06-07,2024-01-24,97145
238,LinkedIn,660569,50616,2.77,2001-06-01,2021-01-04,372631
239,Facebook,966449,95812,9.05,2013-02-01,2022-04-15,206811
240,Instagram,172698,52342,12.83,2009-01-04,2013-05-26,268408
241,Twitter,569617,90508,3.09,2021-01-11,2024-06-18,428424
242,Facebook,430107,73341,6.39,2001-04-27,2021-05-13,90966
243,Twitter,283089,49454,9.14,2010-12-08,2020-08-22,155727
244,Twitter,955618,83259,8.91,2016-10-17,2019-09-30,86770
245,Facebook,765240,55100,8.87,2002-12-06,2014-01-05,462737
246,Instagram,473480,65954,0.78,2012-11-24,2014-10-30,268270
247,Google,561055,25551,1.06,2011-11-22,2017-05-08,417553
248,Instagram,186609,30400,11.0,2000-01-30,2015-07-20,106283
249,Twitter,882785,30319,13.14,2018-05-03,2019-05-09,476408
250,Google,964719,63271,1.72,2022-03-21,2022-09-18,275277
251,Instagram,540515,83028,13.0,2024-08-20,2024-12-04,456642
252,Facebook,828716,27724,5.81,2014-08-02,2022-01-04,58299
253,Google,835118,33556,8.83,2019-06-17,2020-04-28,297740
254,Facebook,920050,38726,1.8,2005-03-04,2021-01-15,299709
255,Instagram,292069,77009,4.8,2012-04-05,2023-02-21,117493
256,Google,329222,85346,4.33,2020-10-27,2024-02-16,37547
257,Facebook,683641,41874,2.97,2013-09-16,2014-07-14,116395
258,Twitter,533328,69919,10.14,2004-06-09,2013-11-25,173927
259,Facebook,837935,56958,3.63,2008-03-12,2009-05-06,156021
260,Google,837012,7250,4.92,2000-11-26,2021-07-02,161081
261,Instagram,241551,8454,1.71,2007-08-30,2009-02-23,448335
262,LinkedIn,37863,11586,12.11,2023-12-22,2024-02-01,320198
263,Twitter,520751,86540,0.6,2015-06-07,2015-10-27,89600
264,Facebook,55178,46680,12.29,2020-09-01,2021-10-16,129526
265,LinkedIn,578425,43032,3.53,2012-10-02,2019-02-10,210394
266,Twitter,875747,77013,10.09,2023-01-18,2023-02-18,344098
267,Instagram,564831,53094,14.37,2024-04-08,2024-08-09,318303
268,Instagram,785475,86077,5.18,2012-05-27,2014-11-14,468512
269,LinkedIn,406496,40508,5.64,2002-03-01,2009-02-11,108937
270,LinkedIn,296542,23854,11.24,2023-11-06,2024-03-23,318391
271,Facebook,465838,12454,10.46,2005-03-22,2021-12-16,95752
272,Google,822226,78465,14.67,2015-08-28,2017-01-20,127542
273,LinkedIn,741885,93174,4.72,2016-04-08,2017-06-19,422989
274,Twitter,252759,11656,6.98,2012-04-08,2013-07-26,240108
275,LinkedIn,951564,46182,10.24,2018-11-03,2022-01-14,140142
276,Facebook,628682,58787,6.32,1999-11-11,2005-07-13,74768
277,Facebook,900248,33419,3.44,1999-12-05,2024-07-10,418621
278,Twitter,900273,9757,2.83,2006-02-26,2010-11-05,143772
279,LinkedIn,187356,32493,4.32,2000-08-12,2015-05-02,84518
280,Google,423010,65966,11.37,2010-10-11,2023-02-15,250298
281,Instagram,579229,33344,4.36,2009-12-28,2015-10-16,478494
282,Facebook,387502,39895,7.46,2016-02-14,2016-08-31,285250
283,Instagram,383311,72486,7.09,2014-06-09,2021-09-30,416669
284,LinkedIn,927565,99266,2.77,2013-05-23,2019-04-18,21498
285,Google,718093,88991,2.36,2005-05-13,2011-05-11,457543
286,Facebook,200999,74716,12.13,2000-04-15,2013-12-31,22274
287,Google,388461,76707,7.14,2014-07-23,2024-11-30,171099
288,Google,438335,70097,5.18,2014-05-11,2022-03-20,253075
289,Instagram,615597,75983,4.09,2015-01-19,2015-09-02,57984
290,Twitter,718050,42022,1.14,2009-04-29,2010-08-10,152411
291,Instagram,692130,36128,5.43,2012-02-18,2023-03-23,121311
292,Instagram,109181,14832,13.73,2002-01-09,2008-11-20,476872
293,Instagram,708428,51590,7.72,2023-11-14,2024-05-08,208947
294,Twitter,199468,23743,14.78,2009-05-04,2024-10-29,258586
295,Facebook,897733,78622,0.76,2023-06-06,2023-07-21,315767
296,Google,331543,99707,2.97,2005-12-14,2011-12-15,253617
297,Twitter,285799,32374,1.15,2003-10-01,2020-09-15,304264
298,Twitter,976639,31343,3.67,2001-02-13,2013-06-30,121545
299,Twitter,622781,80723,10.64,2018-12-24,2024-04-02,229064
300,Instagram,925915,96114,0.98,2023-04-26,2024-06-26,141223
301,Twitter,776450,61128,5.65,2004-03-05,2022-12-11,383553
302,Google,114151,52989,8.98,2013-06-14,2016-06-02,381476
303,Google,392093,50801,14.64,2023-04-22,2023-06-04,304280
304,Twitter,376785,10691,8.18,2022-11-08,2023-01-16,338813
305,Facebook,261347,91461,2.56,2013-10-09,2017-07-31,265511
306,Twitter,303827,32685,5.6,2019-11-24,2021-08-05,1831
307,Twitter,474153,94181,3.82,2002-07-15,2023-09-21,247014
308,Facebook,84406,40590,5.18,2017-11-19,2020-08-14,386141
309,LinkedIn,112620,95533,2.23,2003-03-04,2007-02-05,51186
310,LinkedIn,840230,88235,14.63,2016-03-07,2024-02-14,356462
311,Instagram,865812,55917,13.1,2023-01-03,2024-03-16,61402
312,Instagram,324698,64315,14.96,2015-12-26,2018-02-17,2649
313,Instagram,60079,20999,2.33,2000-04-15,2014-03-10,492281
314,Instagram,949982,51484,11.32,2013-10-12,2015-06-07,9494
315,Facebook,346855,60873,5.73,2019-07-27,2021-01-30,267105
316,Google,785206,38917,8.57,2003-10-09,2020-06-20,135885
317,Google,384252,72645,11.9,2002-03-10,2016-02-08,82459
318,Instagram,83144,67900,3.56,2009-02-06,2019-04-17,182660
319,LinkedIn,250189,16076,9.43,2012-11-08,2017-09-20,35904
320,Twitter,142116,22604,14.91,2018-09-04,2019-07-27,211569
321,Instagram,163208,41968,5.18,2013-02-27,2017-06-08,261149
322,Twitter,525384,44166,14.1,2010-05-02,2021-06-11,358535
323,Facebook,695398,15883,11.96,2022-07-04,2023-04-25,121667
324,Instagram,29479,17225,3.85,2013-04-12,2022-12-06,53179
325,Facebook,585399,23613,3.81,2004-07-04,2011-05-16,174204
326,Facebook,143365,40528,2.52,2017-01-04,2021-07-21,390162
327,Twitter,3919,1738,6.15,2014-06-28,2023-06-30,239562
328,LinkedIn,818598,44042,5.27,2022-12-31,2023-12-14,56826
329,Facebook,378150,67584,11.59,2011-04-27,2019-05-12,343050
330,Twitter,96282,14252,12.71,2005-08-08,2010-04-09,361934
331,Instagram,892176,79501,1.04,2020-09-21,2021-06-19,157781
332,Twitter,983990,39696,3.11,2012-08-06,2022-09-01,73992
333,Twitter,387542,85299,1.14,2005-02-28,2009-05-26,105151
334,Twitter,65449,20199,4.58,2012-10-28,2023-04-23,348559
335,Twitter,883207,69562,13.23,2011-08-07,2021-04-25,359031
336,Twitter,84361,62838,13.67,2022-07-31,2023-05-10,353603
337,Facebook,773492,73950,3.53,2014-02-09,2014-10-23,13983
338,Facebook,231106,87679,5.99,2003-06-01,2019-03-21,292923
339,Facebook,292048,38469,8.56,2018-08-06,2020-09-29,177744
340,Facebook,219719,97850,13.49,2001-03-09,2022-06-11,397190
341,Twitter,648775,20957,10.45,2003-08-24,2013-08-10,260515
342,LinkedIn,866878,82073,4.25,2010-12-03,2022-03-04,79204
343,Facebook,467806,89248,10.34,2023-05-03,2024-03-04,227326
344,LinkedIn,887930,45134,12.87,2012-05-01,2024-07-21,314868
345,Google,182623,59795,10.76,2009-11-17,2010-01-02,295823
346,LinkedIn,867555,99104,13.9,2006-05-02,2021-12-03,123342
347,Twitter,497063,53712,3.44,2015-07-26,2023-07-30,48204
348,Facebook,990937,32500,13.22,2003-07-26,2013-10-09,400960
349,Instagram,214610,43187,3.47,2007-01-14,2014-04-23,321430
350,Twitter,373462,50407,8.35,2008-05-11,2014-08-11,15881
351,Twitter,414240,8408,1.87,2018-01-31,2021-02-04,199747
352,LinkedIn,27122,26403,4.85,2005-01-16,2019-08-17,150930
353,LinkedIn,541203,94996,2.97,2000-08-16,2024-12-20,79645
354,Facebook,557156,55013,10.1,2007-10-02,2016-03-28,406921
355,Twitter,448478,41933,3.57,2004-03-22,2015-04-18,221382
356,Twitter,191220,38964,7.88,2020-03-19,2023-04-05,125595
357,Facebook,269029,72497,14.93,2020-10-11,2022-02-27,291511
358,Instagram,686817,71289,11.29,2004-03-16,2011-04-22,103400
359,LinkedIn,348263,70745,5.59,2000-08-25,2021-02-10,294364
360,LinkedIn,498393,94246,10.63,2012-07-10,2016-11-15,40148
361,Instagram,64168,59855,8.1,2001-05-28,2011-09-27,188005
362,Instagram,824155,14591,7.17,2022-05-02,2023-06-12,226436
363,Facebook,988558,30238,14.41,2017-12-11,2020-09-11,412593
364,LinkedIn,464813,52875,3.0,2008-11-11,2021-07-27,313031
365,Google,482621,30341,12.95,2024-05-19,2024-09-29,273981
366,Twitter,591725,99051,12.23,2017-07-13,2017-12-19,353810
367,Google,735959,77148,12.29,2011-11-27,2024-10-14,54488
368,Twitter,830253,9370,1.11,2001-06-12,2023-12-31,245361
369,LinkedIn,557358,97672,13.89,2002-04-12,2012-10-08,221939
370,Twitter,811886,90399,3.33,2016-07-24,2018-06-14,126408
371,Twitter,823600,4905,2.41,2018-07-06,2023-11-18,116411
372,Twitter,579451,41225,2.65,2019-11-20,2024-01-13,332507
373,LinkedIn,16427,14936,9.23,2018-08-29,2024-03-08,396294
374,Facebook,376131,58243,7.22,1999-07-17,2002-09-18,195663
375,Google,480252,71592,14.12,2024-09-04,2024-10-15,203665
376,Google,807660,79622,13.8,2015-03-17,2021-05-11,131946
377,Google,903345,57062,10.31,2015-07-26,2021-06-29,183160
378,Instagram,444598,47473,3.24,2002-03-31,2016-10-16,263868
379,Facebook,135205,61546,0.53,2009-03-01,2015-11-28,76040
380,LinkedIn,157355,24439,6.86,2019-09-04,2020-07-29,174368
381,Twitter,652346,85319,13.21,2006-02-22,2017-01-09,73698
382,Google,721122,10478,3.44,2004-06-16,2008-12-24,437600
383,Facebook,731878,97098,1.87,2000-06-21,2007-09-25,29254
384,Twitter,758215,51950,10.22,2012-04-30,2017-08-14,452697
385,LinkedIn,504001,46841,1.13,2022-05-11,2024-01-14,197144
386,Facebook,790190,88152,11.48,2024-08-10,2024-10-25,20154
387,LinkedIn,977133,15458,13.23,2021-03-01,2022-12-02,96657
388,Google,486415,42431,13.53,2017-11-09,2022-01-09,357965
389,Instagram,564275,8680,8.27,2019-11-13,2020-08-19,46130
390,Google,126642,70458,14.93,2006-01-20,2014-09-25,44683
391,Google,815687,25151,4.38,2023-03-05,2024-07-01,413282
392,Instagram,520044,52231,8.56,2015-03-05,2021-07-04,41349
393,Facebook,864972,98261,9.72,2000-09-12,2017-05-18,95486
394,Instagram,878111,21824,3.57,2012-09-23,2014-05-26,190082
395,LinkedIn,612699,13559,9.86,2010-03-04,2014-09-04,398008
396,Instagram,300763,95703,13.71,2020-10-14,2023-08-28,165541
397,Instagram,695094,51981,4.23,2022-12-09,2023-10-18,24049
398,LinkedIn,209033,87102,14.22,2003-01-13,2013-02-07,385512
399,Twitter,330823,80177,5.31,2010-04-22,2016-05-17,360569
400,Twitter,765490,81986,1.54,1999-06-21,2017-03-26,107138
401,Instagram,851197,79169,1.31,2000-02-28,2024-05-30,218166
402,Google,376611,54651,11.63,2007-05-22,2019-09-08,157155
403,Twitter,325950,5264,3.3,2001-11-05,2012-12-17,486089
404,Facebook,342122,20240,5.13,2019-04-16,2024-10-16,293503
405,LinkedIn,953826,98178,0.75,2005-02-20,2015-01-04,248212
406,Instagram,123628,81331,12.13,2018-02-12,2022-10-09,11635
407,Twitter,2112,1832,11.88,2002-04-22,2008-01-20,446626
408,Instagram,393141,74836,1.47,2000-07-06,2022-11-18,410344
409,Twitter,21513,10685,1.38,2011-09-21,2015-08-20,270351
410,LinkedIn,966494,11617,4.78,2013-11-18,2021-03-21,142246
411,Instagram,378248,57949,8.01,2022-03-31,2023-05-17,349849
412,Twitter,951087,3649,14.17,2008-09-05,2014-03-05,89438
413,Instagram,605091,14397,1.27,2011-01-21,2017-12-02,388048
414,LinkedIn,336667,88021,9.45,2022-07-13,2024-10-18,289159
415,Google,37913,12752,7.71,2002-11-19,2017-08-13,375550
416,Twitter,5679,1045,7.06,1999-01-09,2018-12-03,352796
417,Facebook,332996,59992,14.19,2008-01-17,2010-02-20,365699
418,Google,82221,50346,11.95,2015-10-23,2018-09-03,237525
419,Facebook,522297,61171,13.81,2022-01-25,2022-03-28,296175
420,LinkedIn,994661,30283,4.63,2020-04-09,2023-09-28,40484
421,Google,458604,3396,3.85,2001-11-22,2016-02-29,492421
422,Instagram,580317,427,7.15,2002-12-05,2023-10-10,245803
423,LinkedIn,724768,53488,2.33,2021-04-11,2021-10-11,211556
424,Facebook,388398,57154,13.11,2012-01-06,2020-05-26,155214
425,Twitter,198845,65633,7.01,2006-11-06,2007-03-11,441542
426,Instagram,957964,31579,9.92,2022-01-11,2024-04-02,244816
427,Instagram,304927,38204,3.0,2008-12-17,2010-10-23,295156
428,Twitter,993976,88327,10.43,2009-02-07,2019-11-05,32593
429,Instagram,319849,87282,13.13,2022-07-23,2023-04-14,87920
430,Facebook,266623,59742,2.72,2009-02-06,2018-01-27,383224
431,Twitter,637980,48215,13.87,2005-05-24,2018-05-24,389634
432,LinkedIn,698908,99525,10.41,2013-07-15,2017-04-23,402682
433,Instagram,487589,85995,14.41,2024-12-10,2024-12-23,222739
434,Instagram,835618,9199,7.42,2015-04-18,2024-01-02,185621
435,Facebook,417082,51533,8.51,2016-11-03,2020-07-27,245385
436,Twitter,132078,31052,3.02,2011-09-25,2021-04-12,3003
437,Twitter,777059,22140,1.24,2008-12-01,2021-11-21,240790
438,Instagram,517858,48553,4.4,2005-03-10,2007-10-10,114729
439,LinkedIn,190918,88119,13.33,2008-11-15,2024-01-11,441981
440,Facebook,718564,71796,11.81,2024-06-04,2024-10-30,351739
441,Google,635599,83319,10.15,2009-12-27,2021-07-10,375046
442,Facebook,688135,80259,1.03,2018-12-11,2019-09-27,335766
443,Twitter,78965,61958,3.39,2012-07-03,2014-08-10,253007
444,Twitter,127741,12078,4.19,2022-05-12,2024-12-23,388083
445,Twitter,35309,1058,6.8,2011-04-17,2018-12-13,93422
446,LinkedIn,806947,22727,6.51,2022-09-02,2022-10-31,129497
447,Google,796461,20172,5.86,2005-10-22,2010-09-05,275483
448,Facebook,892663,9318,3.65,2004-12-10,2016-01-18,105739
449,Instagram,75674,31076,11.1,2014-06-24,2016-02-08,477953
450,Facebook,195226,43901,4.6,2011-04-15,2017-12-30,319173
451,Twitter,327113,9109,13.52,2007-08-30,2018-09-05,442818
452,Facebook,293008,87507,14.71,2006-04-26,2019-03-28,233482
453,Twitter,194684,54292,5.82,2001-10-16,2008-06-30,172589
454,Facebook,44353,31099,2.74,2018-01-02,2023-08-12,23662
455,Google,436417,69828,6.68,2020-05-14,2024-09-06,304140
456,Facebook,710647,81613,6.53,2011-09-08,2015-11-19,304778
457,LinkedIn,127341,2343,11.8,2004-08-12,2016-10-05,363081
458,Google,875359,44775,12.66,2005-05-23,2011-02-17,110695
459,Facebook,936723,15833,5.68,2003-02-07,2012-03-10,315223
460,Google,96890,15207,12.51,2017-01-02,2024-11-04,26223
461,Twitter,437236,77941,9.68,2019-08-16,2023-01-30,334849
462,Twitter,307337,52209,1.44,2017-12-17,2022-03-26,89362
463,Facebook,793389,97778,6.65,2012-05-15,2015-09-23,389937
464,Twitter,192055,52329,12.7,2020-06-28,2021-05-19,59226
465,Facebook,37858,19855,1.23,2000-09-19,2016-09-02,402044
466,Google,927616,3887,8.55,2011-08-07,2018-08-25,118584
467,Twitter,765196,83137,8.27,2021-03-02,2022-06-27,262170
468,LinkedIn,696404,24207,9.82,2001-05-22,2009-07-27,140143
469,Instagram,690613,50702,13.71,2019-03-22,2022-02-12,324019
470,LinkedIn,582212,26349,10.18,2015-11-21,2017-07-08,443618
471,Twitter,387986,19816,2.88,2012-07-22,2019-06-11,24321
472,LinkedIn,170713,24696,3.59,2024-10-08,2024-10-18,214330
473,Instagram,68271,67381,3.12,2007-08-03,2012-01-13,247917
474,Twitter,2387,48,13.46,2009-05-12,2010-06-14,409959
475,Instagram,581220,48253,0.62,2011-04-13,2013-09-07,150123
476,LinkedIn,880697,68908,8.19,2020-04-09,2022-04-24,269447
477,Facebook,724039,79412,5.57,2003-08-19,2011-09-13,87876
478,Twitter,207692,51515,2.21,2020-01-04,2022-05-05,202881
479,Twitter,966756,78055,9.93,2009-08-12,2020-06-21,176167
480,Facebook,565523,71625,12.57,2000-02-21,2007-09-28,229989
481,Facebook,364753,41573,2.58,2017-12-12,2020-09-29,334718
482,Instagram,116804,41601,1.24,2019-02-18,2019-05-10,68811
483,Instagram,837522,4859,1.47,2001-05-26,2013-07-24,174381
484,LinkedIn,26385,20294,1.86,2012-11-21,2013-11-08,290657
485,Twitter,766578,31743,5.14,2011-03-19,2012-07-13,391602
486,Google,363983,2215,9.55,2001-02-28,2001-12-03,425193
487,LinkedIn,996235,13070,3.52,2014-07-20,2024-03-30,447370
488,Google,234449,43343,2.47,2010-08-12,2014-10-22,408688
489,LinkedIn,644083,64292,6.44,2012-08-18,2020-08-06,320896
490,Google,434655,22245,5.92,2018-11-22,2023-02-07,66044
491,Facebook,954222,17780,9.09,2017-09-22,2019-07-25,206457
492,Google,273519,26803,13.24,2003-09-16,2013-01-19,53480
493,Google,767512,92787,11.09,2015-06-24,2017-09-09,324446
494,Twitter,913175,76021,7.8,2022-02-04,2024-04-01,26265
495,Google,42886,24474,4.04,2008-12-16,2019-07-08,96884
496,Instagram,863008,69180,8.35,2020-10-24,2022-08-07,244436
497,Google,538060,5740,6.54,2022-08-20,2023-04-05,445699
498,Twitter,146295,94377,3.66,1999-03-08,2012-10-01,400789
499,Instagram,994620,90899,9.08,2007-08-07,2013-10-06,464429
500,LinkedIn,279345,85151,4.81,2014-10-04,2022-08-28,80591
501,Twitter,785635,16842,2.97,2011-06-22,2011-10-06,249251
502,Instagram,110389,81009,7.01,2019-06-22,2022-09-20,161086
503,Facebook,500208,48139,3.52,2016-07-14,2023-02-19,351516
504,Instagram,709651,95395,3.59,2015-12-29,2018-10-30,104008
505,Twitter,540296,42667,12.47,2022-06-02,2024-08-22,381793
506,Twitter,256193,74052,3.13,2019-10-19,2020-08-22,309896
507,Twitter,352287,56747,4.55,2014-11-27,2022-05-22,31817
508,Google,336775,97280,11.09,2013-03-05,2014-08-04,352516
509,Google,451437,81969,10.46,2002-11-06,2005-09-23,15703
510,Google,4713,4296,1.03,2006-12-23,2011-09-17,447704
511,Google,183881,36597,14.4,2007-03-24,2009-02-13,90831
512,Instagram,210547,99988,4.95,2018-01-02,2024-10-15,222020
513,Google,939864,15425,11.82,2003-09-13,2016-01-09,418854
514,LinkedIn,370687,14577,1.67,2021-08-05,2023-08-20,81468
515,Twitter,132314,38592,14.63,2001-09-02,2015-04-07,44926
516,Twitter,401272,58779,12.77,2004-12-15,2008-09-16,282537
517,LinkedIn,785279,22783,2.01,2019-01-02,2022-04-11,275191
518,Facebook,818777,59434,4.14,2024-10-26,2024-11-03,240941
519,Facebook,323778,87988,9.5,2015-08-12,2018-10-02,73858
520,Google,394467,2661,5.12,2016-10-10,2023-06-17,272822
521,Google,36784,14495,2.07,2012-12-16,2017-01-04,377942
522,Instagram,255994,47698,5.94,2018-04-08,2018-09-29,272557
523,Twitter,162025,72934,13.99,2011-03-12,2018-03-15,480213
524,Instagram,347776,78362,2.23,2023-12-20,2024-08-28,353012
525,LinkedIn,298369,39631,11.68,2007-08-17,2018-02-05,302493
526,Facebook,985357,17099,11.18,2004-04-18,2014-07-30,236987
527,Twitter,600017,74650,2.42,2003-11-05,2020-04-01,303781
528,LinkedIn,673965,64000,4.96,2011-03-21,2012-01-16,91143
529,Twitter,34074,22468,0.86,2023-12-01,2024-02-05,155432
530,LinkedIn,957895,97535,8.34,2017-04-13,2019-01-28,114743
531,Google,391959,29432,9.89,2019-01-01,2019-03-01,17644
532,Instagram,539794,32746,12.52,2001-01-03,2020-11-10,129387
533,Twitter,206658,31013,3.65,2006-09-06,2008-07-28,468302
534,Instagram,909742,17172,6.51,2017-05-06,2023-10-09,444048
535,Facebook,854226,9888,5.24,2000-01-30,2014-12-11,480389
536,Instagram,561986,66601,13.05,2024-12-23,2024-12-29,131071
537,Instagram,800380,82923,8.55,2013-10-25,2021-06-22,330355
538,Google,702485,20743,3.33,2009-05-14,2009-05-17,104236
539,Instagram,856614,9117,6.17,2013-07-29,2018-07-22,486815
540,Facebook,408136,29283,10.51,1999-09-21,2017-12-24,99514
541,Instagram,908108,13689,0.94,2012-07-27,2019-06-21,252796
542,Twitter,2136,1406,9.4,2004-04-25,2005-03-22,340546
543,LinkedIn,503478,29471,4.82,2001-09-25,2016-01-26,396937
544,Facebook,899054,59337,3.97,2019-02-18,2024-05-25,93595
545,Instagram,993369,93532,10.4,2009-09-03,2019-03-30,376512
546,Facebook,25935,10515,8.85,2012-11-15,2024-09-28,343037
547,Instagram,176776,88047,11.75,2015-05-27,2020-01-24,128508
548,Google,86822,3408,10.49,2019-03-19,2023-12-18,26714
549,LinkedIn,85654,26038,8.81,2022-11-19,2023-07-14,18988
550,Instagram,211680,69641,8.98,2007-04-14,2021-09-15,140124
551,Instagram,242145,13759,10.41,2022-10-04,2023-06-12,228511
552,Instagram,441175,62545,9.66,2012-11-16,2019-02-24,425757
553,LinkedIn,732009,42152,14.63,2010-02-06,2022-12-23,326101
554,Facebook,81467,69025,5.71,2018-05-31,2022-05-26,67080
555,Facebook,814632,57970,14.8,2016-02-19,2022-07-06,325350
556,Instagram,329966,98775,5.89,2002-05-28,2024-07-02,17812
557,Twitter,812214,1570,4.24,2001-08-25,2007-03-29,386798
558,Facebook,448838,6015,1.44,2017-12-17,2020-08-05,378432
559,Instagram,950545,25353,8.55,2012-05-10,2021-12-03,296065
560,Facebook,54673,22654,13.64,2004-02-12,2015-07-02,85333
561,LinkedIn,47157,30217,11.98,2005-02-23,2013-04-09,250765
562,LinkedIn,485460,24089,12.27,2002-05-03,2002-10-05,183747
563,Instagram,415636,72721,13.58,2002-08-26,2024-05-19,264722
564,Google,154840,23656,9.08,2006-07-02,2016-12-18,100250
565,Google,813425,58353,9.33,2008-02-11,2022-08-12,106862
566,Instagram,169964,57110,9.58,2012-03-14,2019-06-25,107285
567,Google,834019,37559,6.99,2021-05-06,2024-02-21,28426
568,Twitter,815547,80382,5.83,2000-09-14,2008-01-13,294470
569,LinkedIn,365771,9579,13.35,2012-06-05,2015-05-03,372850
570,Twitter,860450,36730,12.7,2008-06-09,2015-11-27,393837
571,Google,861817,95512,8.35,2009-09-25,2010-02-02,253949
572,Twitter,740090,67829,12.86,2018-01-13,2023-06-26,403620
573,Instagram,670252,63846,4.08,2020-07-14,2020-12-04,451962
574,Google,666123,66652,7.59,2006-10-14,2020-02-09,216811
575,LinkedIn,369068,10246,11.57,2014-10-21,2024-05-16,204075
576,LinkedIn,896848,49293,1.46,2006-09-25,2019-12-23,16520
577,Instagram,715572,24799,11.1,2012-02-15,2022-07-05,338567
578,Instagram,55327,49697,11.26,2006-07-01,2018-06-05,91462
579,Google,444772,90344,5.36,2024-04-15,2024-11-09,120271
580,Instagram,812552,41003,12.63,2017-08-11,2019-04-03,179167
581,Instagram,658693,83445,8.81,2014-05-12,2017-05-20,44611
582,LinkedIn,611490,33846,12.57,2023-08-14,2023-10-14,60015
583,Facebook,850415,81577,10.68,2015-01-04,2018-01-24,287140
584,Google,160457,62959,10.31,2005-12-14,2021-09-08,277847
585,Google,532918,75194,3.98,2007-10-01,2020-02-18,381295
586,Google,958642,2390,11.46,2007-06-15,2023-07-03,301753
587,LinkedIn,352337,14128,6.43,2011-04-19,2013-08-24,55233
588,Facebook,117321,1064,1.56,2000-12-19,2005-04-14,235420
589,LinkedIn,762244,76510,3.43,2000-07-16,2013-07-15,196880
590,LinkedIn,249012,43737,3.46,2002-02-07,2017-07-11,271421
591,Facebook,864955,83801,13.63,2014-07-15,2018-02-23,17359
592,Google,222714,22020,14.61,2011-08-14,2023-07-08,189527
593,Twitter,22137,18141,10.36,2003-09-02,2014-12-27,52157
594,Facebook,822806,26489,4.61,2004-10-14,2016-02-14,136219
595,Instagram,724747,38435,6.27,2021-04-29,2023-07-01,331233
596,Facebook,873450,26799,4.13,2024-05-25,2024-07-14,43555
597,Instagram,423656,1150,11.73,2002-12-03,2016-11-09,176706
598,LinkedIn,485567,40953,4.92,2000-06-13,2011-01-23,44534
599,LinkedIn,270064,52328,7.21,2021-04-30,2024-04-02,370452
600,Google,93488,68793,10.88,2023-10-01,2024-06-20,210736
601,Google,481945,5678,12.61,2015-12-16,2019-05-03,56144
602,Instagram,270030,85667,11.41,2012-07-05,2016-06-30,412835
603,LinkedIn,694998,32364,3.51,2004-09-04,2006-10-21,281196
604,Twitter,198377,62899,9.31,2003-05-20,2013-08-09,317958
605,Twitter,468541,62885,7.25,2010-03-11,2013-08-26,193335
606,Instagram,871578,46330,6.78,2019-08-18,2024-04-16,350219
607,Google,231422,37992,0.74,2017-11-14,2021-12-31,3894
608,Twitter,13540,1291,7.99,2013-06-21,2017-09-25,11849
609,Google,836790,50711,5.44,2013-05-25,2013-12-04,131849
610,Twitter,309015,15206,4.92,2015-12-22,2023-11-04,163682
611,Twitter,129625,69349,5.41,1999-11-29,2004-04-23,370339
612,Facebook,373209,6449,6.04,2010-07-01,2022-03-30,48675
613,LinkedIn,700158,75992,8.29,2017-09-22,2018-08-04,20134
614,Google,94494,63412,5.65,2019-07-07,2024-01-11,163087
615,Facebook,298791,58967,4.47,2000-06-13,2007-03-13,287307
616,Twitter,77210,26171,14.47,2010-08-03,2021-07-27,239066
617,Google,969657,46647,8.7,2002-07-22,2014-08-04,129695
618,Facebook,879241,61628,9.9,2012-06-27,2024-03-13,233369
619,Instagram,689560,72196,12.08,2000-06-01,2011-11-12,48186
620,Google,517064,8359,9.52,2010-04-17,2018-05-16,463412
621,Google,85416,83071,13.23,2012-06-03,2023-04-29,84100
622,Facebook,643626,65511,7.22,2018-08-23,2021-08-13,381050
623,Twitter,456967,63068,5.13,2019-07-24,2022-01-25,451109
624,LinkedIn,426763,25947,3.22,2018-08-26,2019-10-19,194504
625,LinkedIn,517038,55698,11.48,2016-04-07,2023-06-03,476358
626,LinkedIn,516690,98061,3.79,2004-10-05,2005-06-20,381355
627,Google,878978,30573,6.47,2018-03-28,2021-07-09,354853
628,Twitter,796226,14361,14.99,2006-06-24,2007-01-03,337095
629,Google,438689,18169,2.56,2006-07-20,2009-09-30,353582
630,Facebook,270889,62849,7.24,2018-07-09,2023-09-30,18118
631,Facebook,997728,74238,5.69,2014-11-09,2018-09-17,491154
632,Instagram,104222,99402,14.59,2008-05-04,2023-10-25,200096
633,Google,739389,49226,8.29,2021-11-27,2022-03-10,152980
634,Instagram,391699,1130,5.53,2014-05-22,2024-05-30,389895
635,LinkedIn,992706,27357,1.32,2005-01-16,2023-12-22,302037
636,Google,450516,57338,11.73,2008-12-20,2010-08-17,74163
637,Google,354299,92245,6.26,2017-03-30,2021-01-21,398153
638,Twitter,488427,62574,4.66,2018-04-19,2021-05-27,465075
639,Twitter,686264,32134,13.57,2016-12-30,2023-08-28,380931
640,Google,151947,73938,10.06,2024-12-29,2024-12-31,248342
641,LinkedIn,165666,39932,8.97,2022-12-16,2024-11-09,472260
642,Twitter,306722,62008,11.75,2009-08-08,2024-07-15,452661
643,LinkedIn,9037,5269,7.43,1999-05-31,2010-11-16,134066
644,Facebook,275403,98528,11.24,2002-05-03,2021-05-15,483661
645,Facebook,378933,20501,3.87,2015-05-06,2024-04-21,9670
646,Twitter,960175,36923,1.39,2011-11-08,2016-09-13,87741
647,Instagram,989232,63264,1.75,2024-04-04,2024-08-04,397093
648,Twitter,44925,35777,1.09,2012-01-11,2020-02-22,153344
649,Instagram,190785,2553,8.97,2005-08-31,2010-09-03,240891
650,Facebook,785443,91770,8.85,2014-01-04,2021-12-28,224850
651,Twitter,409662,81932,2.2,2012-05-22,2017-10-14,20684
652,LinkedIn,974032,20485,12.38,2016-01-14,2022-05-01,41231
653,Facebook,249748,99334,14.38,2006-11-25,2014-10-02,212778
654,Google,236054,19089,0.51,2016-08-23,2023-06-09,367325
655,Twitter,920425,20994,5.84,2020-02-10,2024-07-19,14662
656,Facebook,497452,76881,8.13,2011-12-04,2019-06-08,230810
657,LinkedIn,199096,55239,11.22,1999-06-09,2017-02-15,474882
658,LinkedIn,541552,74024,5.57,2018-04-05,2023-05-09,326639
659,Facebook,466254,9841,4.14,2009-12-04,2012-10-03,59557
660,LinkedIn,977095,70487,9.65,2021-01-13,2022-08-07,310254
661,Instagram,702403,51411,11.86,2021-12-01,2022-04-07,240354
662,Google,742689,63661,10.23,2024-02-01,2024-11-01,119304
663,Twitter,86505,36548,13.53,2017-04-03,2018-07-30,320417
664,Instagram,18856,8718,12.4,2011-12-02,2023-12-12,412653
665,Instagram,834499,27776,8.53,2015-03-20,2018-12-11,458704
666,Facebook,258247,96841,3.36,2023-01-14,2024-04-19,353667
667,Google,951503,90763,2.18,2011-02-28,2024-02-23,86939
668,Instagram,191547,27465,11.18,2019-04-06,2020-07-13,3236
669,LinkedIn,741635,58512,9.9,2019-09-13,2023-05-20,107619
670,LinkedIn,510216,27316,11.07,2019-05-16,2020-08-31,375087
671,LinkedIn,250572,66798,6.32,2019-11-14,2021-02-19,18631
672,Google,695926,84872,1.19,2015-10-25,2016-01-25,135253
673,LinkedIn,418552,34819,2.36,2013-01-24,2017-10-06,121440
674,Instagram,811243,20993,4.09,2020-04-02,2021-10-06,477628
675,Instagram,132502,40152,12.83,2019-05-31,2022-09-01,307789
676,Facebook,893476,21121,3.74,2013-01-04,2016-07-08,261997
677,LinkedIn,68293,3096,10.61,2007-05-31,2020-12-16,345336
678,Instagram,718232,99982,2.57,2021-08-19,2023-05-11,202071
679,Facebook,212173,19722,12.01,2011-12-16,2013-04-02,384700
680,LinkedIn,150106,57942,12.99,2018-08-03,2023-01-16,19066
681,Twitter,40192,23516,2.9,2007-10-06,2022-04-09,40717
682,Facebook,413887,72588,6.81,2017-12-16,2021-04-03,92518
683,Twitter,988272,50456,3.55,2019-08-03,2023-07-05,196420
684,Facebook,688208,56071,14.49,2007-12-26,2013-09-24,496067
685,Twitter,719408,41906,9.65,2010-08-09,2014-08-24,71317
686,Instagram,879324,33508,2.82,2013-08-07,2016-10-20,442979
687,Facebook,41050,12447,14.21,2006-08-27,2009-01-26,84748
688,Twitter,666405,82487,14.73,2017-12-01,2020-06-06,29572
689,Twitter,867718,73201,11.77,2005-02-28,2023-01-03,348301
690,Facebook,473670,13244,12.84,2013-12-16,2014-02-09,175419
691,Facebook,490754,67874,11.84,2007-01-10,2018-04-03,258274
692,Twitter,654142,30311,14.78,2016-02-25,2018-12-09,107481
693,LinkedIn,104130,21071,3.34,2004-02-29,2021-11-30,84459
694,Google,845562,74269,3.12,2021-08-09,2022-07-29,409165
695,Twitter,680272,19876,1.55,2018-01-09,2022-08-26,145278
696,Twitter,689645,81344,6.01,2019-09-28,2022-05-05,76586
697,Facebook,297104,3756,4.03,2017-03-03,2020-12-26,173130
698,Google,465987,11533,13.03,2015-04-16,2020-06-21,319371
699,Instagram,689609,59726,8.76,2017-10-29,2019-02-23,32865
700,LinkedIn,907714,89644,11.65,2016-05-26,2023-06-13,410529
701,LinkedIn,304255,39322,5.19,2019-06-29,2024-09-14,112905
702,Google,858323,18101,9.52,2003-04-09,2003-10-03,153068
703,LinkedIn,558131,96849,13.85,2013-02-18,2015-11-24,353181
704,LinkedIn,371137,67179,11.9,2000-04-20,2006-11-30,17970
705,Facebook,689520,32457,4.89,2004-06-26,2009-09-18,202025
706,Instagram,185081,68565,10.02,2021-01-14,2024-02-11,306041
707,Google,634120,67116,1.39,2008-01-04,2022-05-14,494121
708,Twitter,530322,55824,6.45,2014-02-07,2015-01-23,438477
709,Instagram,690253,7457,12.53,2005-10-23,2022-12-28,303163
710,Facebook,169831,86955,14.39,2022-09-07,2022-10-19,482643
711,Instagram,163830,34515,10.68,2019-05-08,2020-04-27,350256
712,Twitter,922282,85424,7.69,2007-09-25,2013-10-10,265465
713,Twitter,142772,49785,10.95,2022-01-31,2024-04-21,6037
714,LinkedIn,851262,80265,6.61,2014-07-07,2023-03-29,258150
715,LinkedIn,494072,14462,5.71,2020-06-24,2023-01-30,439445
716,Google,327105,70814,9.63,1999-11-25,2013-12-27,445661
717,LinkedIn,773144,79681,9.8,2020-01-10,2021-02-14,193910
718,Instagram,20408,535,9.09,2001-06-08,2024-11-07,76615
719,LinkedIn,318437,23805,9.36,2022-03-05,2024-02-26,288988
720,Twitter,647240,17588,9.0,2024-09-08,2024-11-06,277646
721,Instagram,615186,32927,0.59,2010-10-31,2020-07-10,333345
722,Instagram,722627,33344,14.41,2001-06-04,2013-04-16,298701
723,Google,901561,64576,1.51,2007-08-29,2016-12-29,446255
724,Instagram,628969,80269,2.12,2024-03-06,2024-09-22,313249
725,LinkedIn,523988,92058,4.9,2010-11-08,2012-08-25,392283
726,Twitter,229134,55524,12.23,2013-03-28,2023-06-23,50723
727,Twitter,412525,88577,1.56,2024-03-25,2024-08-07,315585
728,LinkedIn,92326,89487,5.2,2011-11-11,2020-09-01,137814
729,Twitter,267366,68509,5.35,2016-01-11,2024-09-06,338907
730,LinkedIn,568020,82013,11.57,2001-09-27,2019-06-11,498303
731,Twitter,263098,29998,9.65,2008-04-02,2016-06-09,119849
732,Twitter,913586,60832,10.64,2020-08-20,2022-06-04,487504
733,Google,920822,98043,11.46,2011-12-10,2015-11-15,28985
734,Google,706713,68383,8.16,2002-12-17,2006-03-18,188522
735,Google,411629,43181,1.76,2024-05-28,2024-08-24,491576
736,Facebook,666043,63530,6.86,2018-06-05,2021-09-26,324487
737,Facebook,352740,79828,11.45,2019-10-13,2019-10-25,198193
738,Twitter,355772,89692,7.32,2017-11-29,2023-08-05,284860
739,LinkedIn,986117,13836,13.26,2012-01-04,2014-01-18,189014
740,Google,402150,83328,13.78,2007-11-14,2008-09-13,103110
741,Instagram,218766,11761,8.3,2007-09-01,2009-07-23,22355
742,Facebook,838695,75010,1.35,2001-08-30,2016-09-22,440950
743,Google,919283,60661,12.94,2006-06-10,2015-09-07,300098
744,Google,665283,3508,14.98,2002-03-22,2006-06-19,170797
745,Facebook,226670,55796,2.43,2012-03-07,2023-11-14,475408
746,Google,438563,73693,1.25,2016-07-15,2020-10-17,233101
747,Instagram,242455,3017,7.49,2017-02-09,2022-12-19,306319
748,Instagram,712998,30971,1.07,2000-09-15,2002-02-04,254085
749,Twitter,215741,24209,3.99,2019-08-06,2021-12-02,182530
750,LinkedIn,1563,1436,12.16,2016-06-20,2023-11-12,60213
751,LinkedIn,613892,7936,11.84,2014-01-09,2019-10-25,29784
752,LinkedIn,407417,66734,4.28,2009-12-15,2014-09-05,291083
753,LinkedIn,328565,60872,9.97,2024-08-20,2024-12-29,410676
754,Facebook,794472,96519,7.19,2010-06-07,2013-04-09,208239
755,LinkedIn,228728,81713,7.23,2022-08-17,2024-05-29,64042
756,Twitter,813539,57832,14.03,2003-08-12,2022-07-24,432871
757,Google,911386,29952,13.09,2015-01-03,2017-06-04,268157
758,Twitter,827027,5044,2.78,2018-11-13,2021-10-27,430009
759,Instagram,360175,47052,8.31,2014-04-02,2015-09-06,137788
760,LinkedIn,368150,58556,10.0,2002-06-05,2018-04-22,119108
761,Twitter,350175,57599,7.14,2024-02-17,2024-10-27,89501
762,Facebook,808411,87451,6.06,2009-02-12,2024-08-14,323997
763,Google,770011,27950,3.93,2021-05-04,2024-03-23,478167
764,Facebook,483185,4996,0.92,2001-07-22,2013-03-08,127824
765,Twitter,564565,82056,0.86,2023-12-01,2024-02-09,84947
766,Instagram,114758,38582,8.97,2024-12-07,2024-12-11,139513
767,Twitter,409448,84434,9.23,2001-07-31,2008-12-14,337955
768,Facebook,84266,22802,12.81,2000-11-19,2022-08-29,255348
769,Google,86912,69846,12.79,2010-06-29,2013-04-30,344609
770,Twitter,652013,60248,3.69,2010-10-07,2019-03-04,61519
771,Facebook,150943,86264,3.18,2003-07-12,2019-03-10,476283
772,LinkedIn,419653,13645,8.14,2018-02-06,2022-10-09,445875
773,Google,329082,31147,14.54,2004-01-14,2020-01-25,143188
774,LinkedIn,118762,39993,2.12,2021-08-12,2022-12-30,76058
775,Twitter,997074,31697,13.08,2003-10-14,2016-10-03,41744
776,Twitter,938318,64524,6.8,2001-02-20,2006-08-21,98302
777,Instagram,448670,40902,12.13,2006-02-21,2023-04-14,138466
778,Twitter,445716,65688,9.2,2014-08-05,2014-09-08,319425
779,Instagram,823769,30727,14.81,2012-03-21,2019-05-13,103347
780,LinkedIn,336685,68219,10.02,2010-10-25,2016-01-29,158911
781,Google,437945,55079,2.14,2001-10-03,2010-09-14,66342
782,Facebook,9001,6459,8.97,2021-08-28,2022-08-15,499235
783,LinkedIn,202552,26942,11.75,2010-03-18,2011-04-24,414766
784,Twitter,979636,72073,6.5,2004-01-14,2013-05-04,422810
785,Instagram,390102,37689,5.97,2021-05-27,2024-09-24,288554
786,Instagram,432411,98417,9.13,2019-12-14,2023-09-30,187673
787,LinkedIn,974074,33154,12.28,2016-03-16,2019-07-18,496446
788,Google,425944,15891,13.81,2001-02-13,2008-08-30,479851
789,Twitter,174204,50350,11.5,2005-04-19,2010-10-21,478572
790,Facebook,710426,31350,11.9,2013-11-21,2022-03-15,468623
791,LinkedIn,968264,73013,8.32,2001-09-19,2021-10-18,431547
792,Facebook,158428,32152,10.13,2016-12-30,2023-01-21,437917
793,LinkedIn,793337,50430,3.38,2004-11-27,2023-06-27,143198
794,Instagram,577104,27916,14.03,2009-06-18,2024-10-04,92932
795,Instagram,625642,28117,5.13,2002-01-19,2012-08-13,314067
796,Facebook,66454,8381,10.22,2008-06-04,2008-07-15,470854
797,Twitter,812886,91990,12.45,2005-08-25,2021-08-18,313023
798,Google,917352,10810,12.59,2018-07-24,2020-02-23,468653
799,Twitter,805382,45152,2.19,2016-09-19,2024-04-08,278582
800,Google,840890,3703,3.7,2005-08-16,2014-04-29,46266
801,Facebook,896628,70714,12.73,2023-10-18,2023-12-23,17489
802,Facebook,59886,38314,6.25,2019-08-23,2024-04-14,495641
803,Twitter,750498,88270,13.39,2004-05-02,2021-11-20,247232
804,Facebook,768209,21020,8.55,2005-11-28,2016-02-11,376235
805,Twitter,211748,35923,11.09,2005-09-19,2021-04-20,300526
806,LinkedIn,102557,8385,12.26,2018-02-13,2022-02-01,94857
807,LinkedIn,439585,78514,9.94,2024-03-22,2024-08-12,469458
808,Google,955317,43379,2.59,2022-10-03,2024-09-08,363496
809,Google,412022,50744,11.93,2008-05-02,2011-07-13,26853
810,Facebook,103320,29115,14.53,2016-07-19,2024-03-28,151821
811,Facebook,207298,59680,8.87,2013-12-10,2016-11-28,100418
812,Google,463664,16667,6.41,2008-08-11,2020-09-22,204832
813,LinkedIn,130409,15759,11.06,2000-11-01,2012-05-08,423116
814,LinkedIn,965588,14241,12.67,2009-01-13,2009-05-29,342109
815,Facebook,785183,15509,6.16,1999-05-22,2018-07-16,266217
816,Facebook,657698,88635,10.2,2021-11-08,2023-01-11,447765
817,Instagram,210631,53105,3.46,2016-04-26,2016-09-15,7667
818,Twitter,423595,54790,2.23,2003-09-28,2017-01-11,152447
819,Instagram,194355,51094,4.75,2007-11-01,2016-06-15,294827
820,Twitter,237045,82078,7.23,2013-10-20,2024-12-16,479263
821,LinkedIn,396699,17509,9.63,2000-08-06,2004-02-18,60874
822,Facebook,87380,56210,14.76,2013-04-24,2018-08-29,244394
823,Facebook,718452,77616,10.72,2010-01-28,2010-04-21,273594
824,Google,238662,25087,7.69,2023-11-08,2023-11-11,145332
825,Google,933084,40751,12.75,1999-10-31,2020-12-30,441110
826,Instagram,569871,18880,7.21,2003-08-31,2008-03-23,422351
827,LinkedIn,8013,291,2.55,2014-01-25,2014-06-10,267188
828,Facebook,997552,72092,10.09,2017-06-10,2019-12-23,21571
829,Twitter,425597,49062,5.97,2007-12-26,2023-09-25,460668
830,Instagram,664143,32685,9.31,2000-11-05,2010-08-01,253636
831,Google,242936,45738,3.41,2022-11-23,2023-12-02,367875
832,LinkedIn,230368,32598,7.47,2014-10-13,2018-07-15,271291
833,Google,226283,60494,11.51,2012-12-29,2016-05-07,394801
834,Twitter,306873,57625,8.52,2013-02-02,2024-04-03,116100
835,Facebook,432686,69736,12.31,2022-01-13,2022-12-30,416350
836,Facebook,905375,1487,2.38,2002-06-28,2016-04-29,110536
837,Instagram,501177,62541,3.37,2002-09-06,2022-12-28,65390
838,Instagram,764925,94253,1.8,2019-03-30,2022-01-29,73970
839,Facebook,480004,30709,13.35,2007-07-21,2021-09-02,298527
840,Instagram,424572,30850,2.96,1999-07-30,2021-11-20,240716
841,Facebook,709177,25152,10.65,2018-03-24,2021-05-17,481169
842,Facebook,750643,44835,7.38,2016-12-29,2018-02-09,211430
843,Facebook,216243,80851,6.3,2022-10-24,2023-02-21,190706
844,Facebook,333131,74935,12.58,2004-03-18,2007-12-20,276486
845,Facebook,163986,32521,10.91,2018-10-12,2024-07-27,60530
846,Twitter,792258,17543,14.1,2003-07-21,2010-04-09,328065
847,LinkedIn,435955,34340,7.51,2009-07-08,2018-01-22,485808
848,Facebook,286154,62484,13.24,2016-02-16,2021-09-03,208531
849,LinkedIn,660681,47775,7.56,2017-04-23,2021-09-22,72047
850,LinkedIn,585744,11922,10.21,2010-01-01,2013-04-16,199442
851,LinkedIn,145562,98658,3.24,2016-05-11,2024-09-25,325038
852,LinkedIn,763835,57981,12.34,2001-04-23,2016-12-10,178544
853,Facebook,484791,31872,13.48,2020-07-26,2024-07-22,252688
854,Google,225104,53492,9.28,2013-05-05,2020-03-12,86839
855,Twitter,932766,41949,0.89,2002-05-13,2013-02-19,362380
856,Google,768769,48254,3.35,2024-05-19,2024-08-14,174468
857,Google,407967,28310,5.24,2000-12-26,2015-01-13,269349
858,Twitter,925465,48371,8.11,2008-06-26,2012-07-06,452164
859,Twitter,495854,66943,3.7,2011-11-22,2016-08-20,67940
860,Instagram,20123,5295,0.88,2000-12-11,2002-11-16,265770
861,LinkedIn,881072,52724,11.38,2022-01-17,2024-06-12,120070
862,LinkedIn,659983,50008,12.48,1999-01-22,2009-04-15,164499
863,Facebook,414219,99738,2.08,2015-02-02,2021-04-01,334666
864,Google,176081,70145,0.86,2024-10-08,2024-10-19,393195
865,Facebook,956266,17035,2.05,2008-07-29,2015-09-22,450896
866,Facebook,993607,62509,6.66,1999-02-02,2015-10-30,362412
867,Google,463478,26711,12.86,2007-05-11,2011-05-19,46239
868,LinkedIn,658821,96608,10.51,2002-09-04,2011-02-11,474374
869,LinkedIn,293570,82878,12.02,2013-01-02,2017-12-25,403595
870,Twitter,103858,16924,3.63,2022-03-28,2023-11-12,304606
871,LinkedIn,845453,67871,5.95,2024-01-03,2024-09-02,239405
872,Facebook,891942,94194,10.64,2021-12-23,2024-09-01,475290
873,Twitter,463854,2312,0.88,2013-10-08,2020-04-24,257337
874,Facebook,467076,12996,3.12,2012-08-12,2019-04-20,171576
875,LinkedIn,342860,54912,3.73,2000-02-02,2009-10-19,158885
876,Twitter,260254,69705,5.15,2005-12-09,2017-10-06,172265
877,Facebook,252680,69118,3.32,2014-11-23,2017-07-20,23191
878,Facebook,580565,93594,8.89,2022-03-30,2024-05-01,298312
879,Google,969046,73906,7.86,2017-07-27,2023-06-30,353563
880,Instagram,50296,7810,5.91,2024-05-17,2024-07-17,428712
881,Twitter,230126,61562,10.07,2004-07-03,2014-07-20,276324
882,Twitter,334425,70522,9.78,2011-09-05,2018-05-27,439111
883,Instagram,582023,87614,8.93,2021-08-01,2022-03-20,372575
884,Twitter,826962,6934,7.33,2021-10-10,2022-08-04,215616
885,Google,95537,76295,8.67,2019-05-18,2024-11-04,203936
886,Instagram,314287,434,4.1,2016-05-11,2019-06-25,292203
887,LinkedIn,288098,3858,2.59,2023-03-29,2024-06-30,20447
888,Google,726829,65216,10.63,2006-07-22,2014-10-25,333461
889,Google,125781,96746,10.37,2004-04-19,2011-10-01,162519
890,Google,738353,46029,12.88,2004-04-21,2009-01-06,195507
891,LinkedIn,734010,41492,9.82,2017-09-06,2021-10-02,29525
892,Twitter,217653,22195,3.02,2007-05-27,2015-07-08,190329
893,Google,272048,18478,5.76,2001-07-19,2019-05-07,391320
894,Facebook,213257,35177,2.3,2004-12-24,2017-05-23,157066
895,Google,419171,23617,7.07,2019-02-01,2020-12-12,238294
896,Instagram,161224,2201,11.91,2001-08-31,2018-01-03,421694
897,LinkedIn,723843,56379,14.67,2013-03-01,2021-05-31,326233
898,Google,779788,54042,10.91,2013-11-09,2023-10-16,387349
899,Twitter,958071,95853,9.15,2018-02-22,2020-08-06,458054
900,LinkedIn,357965,13782,13.41,2023-06-15,2024-02-06,1363
901,Facebook,421840,68641,4.32,2009-05-30,2011-06-30,476845
902,Google,756456,51399,14.39,2008-09-26,2013-11-11,140999
903,Facebook,140479,7433,8.47,2008-02-01,2022-02-02,267562
904,Google,37854,1838,12.37,2011-10-27,2014-10-16,267680
905,Instagram,502453,75610,8.61,2011-04-07,2022-05-26,127071
906,Google,110479,21000,3.83,2015-10-13,2018-07-08,182496
907,Facebook,654515,80019,2.98,2022-03-07,2024-09-03,171551
908,Google,321126,12875,3.81,2010-03-29,2017-09-03,200387
909,Facebook,392530,49904,8.13,2023-05-31,2024-12-31,178097
910,LinkedIn,187498,90289,12.87,2024-10-05,2024-12-02,224603
911,Google,161425,66232,4.38,2013-12-02,2018-09-10,64106
912,Instagram,734610,85495,13.74,2008-03-19,2010-10-03,438734
913,LinkedIn,951953,92868,8.98,1999-03-27,2020-05-19,374042
914,Facebook,11945,856,8.45,2000-02-13,2000-12-06,453242
915,Twitter,108131,84787,6.23,2015-08-22,2017-06-19,168082
916,Facebook,749581,55471,4.0,2000-01-09,2004-12-04,367157
917,Google,902571,78087,2.01,2004-04-01,2019-02-25,107976
918,Twitter,954149,96956,5.38,2004-09-30,2010-06-11,316430
919,Twitter,582355,49933,6.85,2009-07-27,2022-10-14,338315
920,Instagram,275608,67531,10.11,2022-11-19,2023-08-26,316447
921,Facebook,705989,7771,10.6,2012-02-03,2015-07-11,198451
922,Instagram,914002,80297,7.47,2021-03-03,2021-05-09,455149
923,Facebook,999590,27537,11.47,2003-02-23,2003-04-12,381368
924,Twitter,405033,48312,12.37,2001-02-23,2005-03-26,291454
925,LinkedIn,677392,36086,11.14,2017-12-11,2021-09-01,433168
926,LinkedIn,657136,30467,5.98,2013-06-19,2014-06-03,404278
927,Instagram,556091,37956,13.28,2005-07-01,2010-05-30,431375
928,Facebook,812518,43758,10.86,2011-01-27,2022-08-26,424287
929,Instagram,414044,36597,11.95,2010-02-10,2012-11-21,82127
930,Twitter,429291,38138,7.34,2011-03-21,2016-08-15,246190
931,Google,124581,14493,3.65,1999-07-03,2011-08-21,17337
932,Instagram,930846,42,14.42,2007-08-25,2014-02-27,250670
933,Facebook,270950,38354,13.1,1999-03-17,2024-04-29,277750
934,Instagram,203093,50714,14.49,2006-01-17,2020-12-23,432187
935,Google,3795,2758,1.06,2020-11-05,2023-07-17,142039
936,Twitter,533805,13283,8.96,2005-08-08,2013-01-30,278073
937,Instagram,708074,76507,3.89,2014-06-15,2016-03-08,450848
938,Google,414378,98052,5.26,2008-10-20,2021-05-18,294550
939,Instagram,398933,90741,13.63,2016-07-05,2022-12-02,24426
940,LinkedIn,669080,22590,11.71,2005-04-27,2019-12-26,207435
941,Facebook,869679,64978,6.83,2015-08-15,2017-07-17,357140
942,LinkedIn,140727,80883,13.02,2012-07-03,2021-10-06,176305
943,LinkedIn,832110,17277,12.67,2021-06-08,2023-05-15,40642
944,Facebook,614380,87211,7.74,2002-12-29,2022-05-04,143761
945,Google,851813,26709,2.47,2010-02-05,2021-05-09,255910
946,Twitter,944248,33071,10.07,2017-07-20,2024-08-04,495199
947,Google,124288,4726,6.17,1999-08-05,2004-05-13,148817
948,Google,674441,6774,1.63,2018-04-15,2018-12-01,345338
949,Twitter,33638,31620,13.18,2024-05-31,2024-06-03,175686
950,LinkedIn,405926,69381,5.29,2016-06-29,2023-05-14,311627
951,Twitter,102203,88281,4.26,2024-12-10,2024-12-17,65276
952,Twitter,426988,85921,13.59,2021-02-11,2021-06-12,409917
953,Google,254192,35973,11.55,2004-12-19,2023-10-02,499924
954,Google,921222,11725,1.45,2001-02-04,2018-01-17,229935
955,Twitter,237580,13578,10.96,2013-01-04,2015-07-17,78343
956,Google,918478,37982,6.54,2011-04-12,2013-04-04,98639
957,Facebook,805462,35764,14.42,2016-07-24,2020-09-10,122532
958,Twitter,145883,29521,5.51,2024-05-26,2024-06-26,145869
959,LinkedIn,720942,95994,10.13,2008-06-30,2010-07-04,263347
960,LinkedIn,622470,69353,8.26,2014-08-13,2018-01-04,144083
961,Instagram,312724,69085,8.76,2017-01-27,2022-09-23,421724
962,Instagram,147552,29057,7.42,2016-11-15,2021-04-21,49435
963,Google,407532,90987,6.54,2015-12-25,2018-09-25,167971
964,Google,651875,92289,10.54,2005-12-05,2019-09-23,455871
965,LinkedIn,403394,59546,5.49,1999-09-17,2016-12-24,338418
966,Facebook,835468,66968,14.45,2000-07-11,2009-10-31,2686
967,Facebook,258221,76146,5.24,2023-07-06,2024-07-24,91222
968,Instagram,14359,14101,2.65,2013-10-05,2015-03-16,441537
969,Facebook,238820,80740,1.72,2015-10-21,2022-10-05,340832
970,LinkedIn,939462,49096,8.65,2019-06-01,2020-12-18,348189
971,LinkedIn,809840,81240,8.2,2021-10-16,2024-02-05,464794
972,Twitter,962195,42746,9.72,2011-04-29,2023-02-22,43548
973,Facebook,73722,17959,9.0,2017-09-29,2021-01-08,20764
974,Google,890569,37413,3.7,2014-01-27,2020-10-07,49784
975,Google,697998,27851,0.54,2023-03-16,2023-10-09,439857
976,Google,615776,69995,10.91,2012-10-13,2024-10-06,179844
977,Instagram,417952,96570,9.12,2011-06-04,2023-11-22,1440
978,LinkedIn,595721,51147,7.52,2006-03-03,2022-11-08,64451
979,Instagram,635800,98184,3.75,2009-06-13,2018-08-28,6475
980,LinkedIn,813907,91014,9.84,2011-01-25,2020-08-27,287880
981,Google,796444,19987,9.02,2015-11-29,2016-07-03,238429
982,Instagram,296031,49094,14.06,2009-04-27,2023-01-19,190310
983,LinkedIn,155678,23885,10.16,2011-05-20,2016-11-16,41176
984,LinkedIn,429391,23592,9.77,2001-07-06,2018-03-07,338312
985,Google,575097,57054,10.65,2023-07-24,2023-12-02,458067
986,Instagram,945362,60567,2.84,2022-03-11,2023-07-06,105387
987,LinkedIn,429327,35806,3.98,2015-08-23,2019-04-09,370943
988,Facebook,916027,48955,0.6,2020-10-21,2024-08-16,318732
989,Facebook,348343,4023,2.35,2001-09-27,2001-11-29,90678
990,LinkedIn,107944,92223,11.95,2021-09-14,2023-01-23,479020
991,Instagram,562735,87853,6.29,1999-03-19,2002-04-22,259956
992,Facebook,49524,23536,10.12,2020-08-02,2023-12-21,365123
993,Instagram,276554,40412,3.42,2000-12-05,2017-05-27,86848
994,LinkedIn,430699,10043,9.11,2017-06-23,2019-11-17,376179
995,Google,130782,85982,8.16,2020-02-14,2020-12-24,110712
996,LinkedIn,46849,35531,3.8,2003-01-20,2024-07-27,64869
997,Facebook,460915,14991,8.77,2005-12-08,2007-05-16,273093
998,LinkedIn,68309,63193,6.73,2019-10-05,2021-01-08,35926
999,Google,831746,30452,11.89,2011-05-15,2021-07-13,242542
1000,Instagram,840919,37165,12.74,2001-03-21,2002-11-08,238626
